Time (s),Altitude (m),Radius (m),Radial Velocity (m/s),True Anomoly (rad),Angular Velocity (rad/s)
0.0,349000.0,6727100.0,0.0,0.0,0.0011442506814828707
2000.0,348683.389895943,6726783.389895943,-0.18394994200287504,2.288582721521286,0.0011443549751872842
4000.0,348703.55296068545,6726803.552960685,0.1749704849046147,4.577327130958223,0.0011443446663362666
6000.0,348859.4498470938,6726959.449847094,-0.11324705230424147,6.865924042491119,0.0011442882006001216
8000.0,348500.383432664,6726600.383432664,-0.09290163336356787,9.154621711599358,0.0011444069246741378
10000.0,348682.63897899725,6726782.638978997,0.1681135410181795,11.443402640567776,0.0011443414546361969
12000.0,348667.32637737226,6726767.326377372,-0.19544071172317934,13.732041974405222,0.0011443432282863077
14000.0,348371.04618974496,6726471.046189745,0.021870161617286416,16.020852892914917,0.0011444405750309125
16000.0,348641.27245829813,6726741.272458298,0.0990605518355659,18.309648251795792,0.0011443451647430408
18000.0,348447.05929185636,6726547.059291856,-0.21950517843267625,20.598361479845153,0.001144407794752398
20000.0,348297.6509563532,6726397.650956353,0.1221408250505925,22.887267054039757,0.001144455151464056
22000.0,348552.90762165375,6726652.907621654,-0.00903474461221124,25.176070660197315,0.0011443648276977113
24000.0,348231.14700837247,6726331.1470083725,-0.17780996202101954,27.464885280315965,0.0011444708427272125
26000.0,348263.8598714741,6726363.859871474,0.17504901960081687,29.753856358437666,0.001144456213280954
28000.0,348406.5118826153,6726506.511882615,-0.12049817418370228,32.042679894319164,0.0011444041971744763
30000.0,348050.46924120747,6726150.469241207,-0.08430792512200629,34.33161047791208,0.0011445218629852958
32000.0,348240.21106300876,6726340.211063009,0.16312741862481228,36.620616990999636,0.0011444537861944762
34000.0,348210.03229596466,6726310.032295965,-0.1984624847847431,38.90948624095527,0.0011444605702968236
36000.0,347923.9237875249,6726023.923787525,0.029902509683165657,41.19852973190966,0.0011445544222851434
38000.0,348193.79746525455,6726293.797465255,0.09053629659583276,43.48755077816064,0.0011444590677110878
40000.0,347987.81687916163,6726087.816879162,-0.21737219169658203,45.776497100998455,0.0011445256633740037
42000.0,347852.32439717464,6725952.324397175,0.1270155889581351,48.06563398288281,0.0011445682423227989
44000.0,348099.1867762916,6726199.186776292,-0.01856433046651254,50.35466476392739,0.001144480711468182
46000.0,347772.5513761947,6725872.551376195,-0.1711012352454533,52.643714802425166,0.0011445883533342334
48000.0,347818.20727227256,6725918.207272273,0.17481112367660104,54.93291558312903,0.0011445692665848356
50000.0,347946.7554053273,6726046.755405327,-0.12790238623073716,57.22196906604155,0.001144521992387173
52000.0,347594.31495249085,6725694.314952491,-0.07526332195721439,59.51113603983364,0.0011446384014981918
54000.0,347791.5738093825,6725891.5738093825,0.15771045762037117,61.80037120952431,0.001144567705055412
56000.0,347745.8868519245,6725845.8868519245,-0.20137709615164473,64.08947382882606,0.0011445797183488274
58000.0,347470.6714270301,6725570.67142703,0.03823895342511729,66.37875328368744,0.0011446698275786274
60000.0,347739.8626527069,6725839.862652707,0.08153327185010441,68.66800314804826,0.0011445746393720921
62000.0,347521.88897476625,6725621.888974766,-0.21489276135876365,70.95718608449982,0.0011446452774939717
64000.0,347400.88948435616,6725500.889484356,0.1317705119388803,73.24655750743052,0.0011446828792329349
66000.0,347638.6495142346,6725738.649514235,-0.028360183053826423,75.53581877433245,0.0011445983815705028
68000.0,347307.43281652033,6725407.43281652,-0.16390955393077544,77.82510779675893,0.0011447075496479843
70000.0,347366.36686958,6725466.36686958,0.1741998932176694,80.11454143181638,0.001144683888500357
72000.0,347479.9571588831,6725579.957158883,-0.13536814574427877,82.4038283284576,0.0011446416468796768
74000.0,347131.86403951794,6725231.864039518,-0.06581254771101135,84.69323520733984,0.0011447565439336482
76000.0,347336.4423990855,6725436.4423990855,0.1517143284405391,86.9827021880094,0.0011446832925648303
78000.0,347274.70004129596,6725374.700041296,-0.20402560781441734,89.27204180662605,0.0011447007215825767
80000.0,347011.30118499696,6725111.301184997,0.046759980779350986,91.56156060940536,0.0011447867710540766
82000.0,347279.0279756831,6725379.027975683,0.0719033219032521,93.85104252675063,0.0011446920137692857
84000.0,347049.0185282491,6725149.018528249,-0.2117819871234088,96.14046584750142,0.0011447667088441327
86000.0,346943.3834030591,6725043.383403059,0.1363385407496868,98.43007504481777,0.0011447990335656862
88000.0,347170.9364224905,6725270.9364224905,-0.038561553531045324,100.71957018123189,0.0011447179444709374
90000.0,346835.6730836611,6724935.673083661,-0.15613509550942767,103.00910191365217,0.001144828455917192
92000.0,346908.1603086656,6725008.160308666,0.17315364603351024,105.29877159750873,0.0011448001235904585
94000.0,347005.8697970556,6725105.869797056,-0.14284677289413078,107.58829549833446,0.0011447632288123445
96000.0,346662.98448457755,6724762.984484578,-0.05588122701261399,109.87794590629139,0.0011448763189761903
98000.0,346874.6106171729,6724974.610617173,0.14514213273866808,112.16764791107764,0.001144800602619923
100000.0,346796.2479083091,6724896.247908309,-0.20636383463383845,114.45722827992155,0.001144823639997957
102000.0,346545.6186578879,6724645.618657888,0.05545506927487117,116.74698991692344,0.001144905302388638
104000.0,346811.0882040886,6724911.088204089,0.06175001407220153,119.03670723900157,0.0011448112443255946
106000.0,346569.1198722413,6724669.119872241,-0.20810630575165204,121.32637477287095,0.0011448899701118507
108000.0,346479.46245420445,6724579.462454204,0.1406772889096662,123.61622509774055,0.0011449168056059202
110000.0,346695.83293711115,6724795.832937111,-0.049042075915196694,125.9059576666215,0.0011448394566092512
112000.0,346357.1000023661,6724457.100002366,-0.14772893424654135,128.19573592208593,0.0011449511139973972
114000.0,346443.29350636806,6724543.293506368,0.17150924404113171,130.48564494699184,0.0011449180550663074
116000.0,346524.24726029206,6724624.247260292,-0.15023752885466762,132.77540963469795,0.0011448868051553097
118000.0,346187.60157129075,6724287.601571291,-0.04553495436093133,135.0653072519029,0.0011449977350171054
120000.0,346405.6943061482,6724505.694306148,0.13780237818116833,137.35524761801645,0.0011449197489351267
122000.0,346310.3445407571,6724410.344540757,-0.20821613106212744,139.64507269033373,0.0011449485198559745
124000.0,346073.50064961705,6724173.500649617,0.06414596413793268,141.93508067291395,0.0011450254462211445
126000.0,346335.6803809395,6724435.6803809395,0.051009877722940744,144.22503690637186,0.0011449324373839626
128000.0,346082.00856246334,6724182.008562463,-0.20375175876905366,146.51495264864442,0.0011450151067858515
130000.0,346008.97952508274,6724108.979525083,0.14463074908255608,148.80504748955764,0.0011450362279133688
132000.0,346213.03939691465,6724313.039396915,-0.05976580981881998,151.09502118879726,0.0011449630026119488
134000.0,345871.6051226724,6723971.605122672,-0.1386680405088746,153.38504988560308,0.0011450755432253158
136000.0,345971.5429230388,6724071.542923039,0.16926728803681865,155.6752016230507,0.0011450377413260693
138000.0,346034.85471411236,6724134.854714112,-0.15747287102130927,157.96521100040508,0.0011450124382712792
140000.0,345705.4841560861,6723805.484156086,-0.034774642523029746,160.2553596204944,0.0011451208528836226
142000.0,345929.5622163769,6724029.562216377,0.12976914468392267,162.54554177215405,0.0011450407583220967
144000.0,345816.7325525563,6723916.732552556,-0.20956562161617462,164.83561559306045,0.0011450754309644225
146000.0,345594.7569093853,6723694.756909385,0.07290557863085559,167.12587355686577,0.0011451472491928096
148000.0,345852.6620879723,6723952.662087972,0.0396645075870732,169.41607226619817,0.0011450556234120883
150000.0,345587.4327631863,6723687.432763186,-0.19868568142867385,171.7062403180232,0.0011451421865082774
152000.0,345531.7733199438,6723631.773319944,0.14825961343879235,173.99658317814084,0.0011451573370458961
154000.0,345722.19473353773,6723822.194733538,-0.07076833880223783,176.28680183981848,0.0011450886872277717
156000.0,345379.1061883876,6723479.106188388,-0.1288168179921032,178.57708503633,0.0011452017531601317
158000.0,345492.7633149363,6723592.763314936,0.16623110687674983,180.86748285161576,0.0011451592132798386
160000.0,345537.3549392652,6723637.354939265,-0.16452195805711697,183.15774097845141,0.0011451402245797795
162000.0,345216.62026296277,6723316.620262963,-0.023624710451074168,185.44814446607316,0.001145245657914087
164000.0,345445.80665580835,6723545.806655808,0.12093893004308003,187.7385719261339,0.0011451637509089943
166000.0,345315.2271141354,6723415.227114135,-0.2102661273786194,190.02889873054676,0.0011452044175768057
168000.0,345109.19707589597,6723209.197075896,0.08160701706460471,192.31941037242214,0.0011452707571260562
170000.0,345361.63296302967,6723461.63296303,0.027719722475855555,194.60985530576275,0.0011451809198575861
172000.0,345085.218348586,6723185.218348586,-0.19286151387567202,196.90027992630303,0.0011452712495727195
174000.0,345047.5300249513,6723147.530024951,0.15144079676428687,199.19087441164305,0.0011452802206208192
176000.0,345223.17135838233,6723323.171358382,-0.08196638132768055,201.4813420057215,0.0011452165348159484
178000.0,344879.20106298197,6722979.201062982,-0.11838414249271469,203.77188385954278,0.0011453298614291065
180000.0,345006.54274152033,6723106.54274152,0.1625254159852225,206.06253140195156,0.0011452825917392417
182000.0,345031.57343345135,6723131.573433451,-0.17130848465083814,208.35304249355386,0.0011452702041523696
184000.0,344720.63556990214,6722820.635569902,-0.012049066076705367,210.64370486032342,0.0011453722578942062
186000.0,344954.1755291242,6723054.175529124,0.11127405849940844,212.9343813093363,0.0011452887928788014
188000.0,344805.5989064658,6722905.598906466,-0.21025661797025968,215.22496547938852,0.0011453355381220599
190000.0,344616.66515815444,6722716.665158154,0.09011544927714522,217.51573455797987,0.001145396003139495
192000.0,344862.1572076641,6722962.157207664,0.015273648143913262,219.80642965233076,0.0011453084553025043
194000.0,344575.36957721785,6722675.369577218,-0.18612294517951453,222.09711522542813,0.0011454022744885953
196000.0,344556.0113546895,6722656.0113546895,0.15384014986582267,224.38796491975702,0.0011454049395671821
198000.0,344715.47169024684,6722815.471690247,-0.09314161641912834,226.678685689279,0.0011453466947848382
200000.0,344372.0499874549,6722472.049987455,-0.10725912809853598,228.96949041930256,0.001145459793055221
202000.0,344512.5087177353,6722612.508717735,0.15786486908379796,231.2603913198553,0.0011454079831655117
204000.0,344517.2417606069,6722617.241760607,-0.17751602380708095,233.5511598449621,0.0011454024480890995
206000.0,344217.45311014727,6722317.453110147,-0.0003485643114010869,235.84208510028876,0.0011455006583540226
208000.0,344454.25283784047,6722554.2528378405,0.10086580000605089,238.13301440262666,0.0011454160053155206
210000.0,344287.7431846298,6722387.74318463,-0.2095374597737842,240.423860436026,0.0011454688076229017
212000.0,344116.804603626,6722216.804603626,0.09837453948338935,242.7148908187215,0.001145523087713393
214000.0,344354.078042821,6722454.078042821,0.002372911615262177,245.00584016229416,0.001145438262332438
216000.0,344057.59788051713,6722157.597880517,-0.17860932382512124,247.29679115582695,0.0011455353385436803
218000.0,344056.81738213357,6722156.817382134,0.1556584153351038,249.58789987994567,0.001145531608887701
220000.0,344198.99825869594,6722298.998258696,-0.10434150086589637,251.87887816975348,0.001145479179271006
222000.0,343857.19592509046,6721957.19592509,-0.09554600774501174,254.16995013622824,0.0011455916823492178
224000.0,344010.4138697805,6722110.4138697805,0.15236186164579787,256.4611082449016,0.001145535450355177
226000.0,343994.12564662285,6722094.125646623,-0.18329776330668324,258.7521387576337,0.0011455370148296174
228000.0,343706.79422034975,6721806.79422035,0.011567558489922426,261.0433310682601,0.0011456309324655973
230000.0,343945.7684435658,6722045.768443566,0.08971084716476363,263.3345172179299,0.0011455454585733809
232000.0,343761.3381862929,6721861.338186293,-0.20799673755910075,265.62562978707024,0.0011456043139641693
234000.0,343609.37474728934,6721709.374747289,0.10630966797734483,267.91692546363083,0.001145652070763679
236000.0,343837.0625462504,6721937.06254625,-0.01094799688871903,270.20813330021554,0.0011455704324624754
238000.0,343531.5972286379,6721631.597228638,-0.17024603137307984,272.4993543506954,0.0011456705238772635
240000.0,343549.8204759965,6721649.8204759965,0.1567245628486455,274.79072599825736,0.001145660249709607
242000.0,343673.2710474478,6721773.271047448,-0.11547921474501628,277.0819663463124,0.0011456141296623357
244000.0,343334.58484046906,6721434.584840469,-0.08313937063705676,279.37331005274496,0.0011457255251670977
246000.0,343499.9290339984,6721599.929033998,0.14588478372267438,281.66472928184885,0.0011456650828911635
248000.0,343461.88585662376,6721561.885856624,-0.1884788696239348,283.9560265691085,0.0011456739974682849
250000.0,343188.5757128019,6721288.575712802,0.023634724635674006,286.2474901781448,0.0011457630856419126
252000.0,343428.25618395023,6721528.25618395,0.07758014152834743,288.5389372887963,0.0011456772887183128
254000.0,343226.1201578444,6721326.120157844,-0.20542231878942321,290.8303213303297,0.0011457421241318226
256000.0,343094.24953873456,6721194.249538735,0.11379151077418569,293.1218863406958,0.0011457829719831306
258000.0,343310.51334778033,6721410.51334778,-0.024765350288612493,295.41335712666415,0.0011457051462301809
260000.0,342997.33640745,6721097.33640745,-0.160831288548123,297.70485308968335,0.001145807817771154
262000.0,343034.5872696955,6721134.5872696955,0.15681135599243687,299.99649160593316,0.0011457909861926291
264000.0,343137.9904141007,6721237.990414101,-0.12637220248190398,302.287998807566,0.0011457516247275585
266000.0,342804.02112925984,6720904.02112926,-0.07014712358939104,304.57961883423553,0.0011458613643966179
268000.0,342980.6519623641,6721080.651962364,0.13833345131401534,306.8713032516431,0.0011457969940850271
270000.0,342920.23645120393,6721020.236451204,-0.19294411934040595,309.1628722988731,0.0011458134697487367
272000.0,342662.4249775177,6720762.424977518,0.03576188316265176,311.4546115939856,0.0011458972207120041
274000.0,342901.42405767366,6721001.424057674,0.06469732895716465,313.74632399396785,0.001145811571238566
276000.0,342681.94763416145,6720781.947634161,-0.2018940865786025,316.037984498721,0.0011458822621983388
278000.0,342570.9913612986,6720670.991361299,0.12072980100439654,318.329823025846,0.0011459159160324152
280000.0,342774.317364756,6720874.317364756,-0.038813209781867246,320.6215614010657,0.0011458424178977602
282000.0,342454.4437213307,6720554.443721331,-0.15060470512173568,322.91333716829746,0.0011459473223461975
284000.0,342510.77173622604,6720610.771736226,0.15603028435841354,325.20524674751664,0.0011459239114975206
286000.0,342592.9399868371,6720692.939986837,-0.13702456413823833,327.4970257243702,0.0011458917136200739
288000.0,342265.16160714254,6720365.161607143,-0.05664370360599578,329.7889267887866,0.0011459992919816287
290000.0,342452.1756826667,6720552.175682667,0.12978733929706407,332.0808806867026,0.0011459312976203238
292000.0,342369.01742115896,6720469.017421159,-0.19657026558708243,334.37272663288286,0.0011459554612065993
294000.0,342128.1007882012,6720228.100788201,0.0477655260507776,336.66474605615065,0.0011460333944543796
296000.0,342364.7976537915,6720464.7976537915,0.05104278099933284,338.95672829473057,0.0011459484425709857
298000.0,342128.5832252372,6720228.583225237,-0.1973103061809499,341.2486704695132,0.001146024783614393
300000.0,342039.3138513481,6720139.313851348,0.12698188119946996,343.54078679514913,0.0011460509747153326
302000.0,342227.89292334206,6720327.892923342,-0.05315561067271887,345.83279765087894,0.001145982420176745
304000.0,341902.889185234,6720002.889185234,-0.13928275497212558,348.12485832771023,0.001146089021824345
306000.0,341978.091909416,6720078.091909416,0.15408914140019492,350.4170431377554,0.001146059095628155
308000.0,342037.52043276094,6720137.520432761,-0.1472426446729474,352.70909911544317,0.0011460345747381195
310000.0,341717.98685080744,6719817.986850807,-0.04251934481019326,355.0012860851589,0.0011461392880618491
312000.0,341914.085642918,6720014.085642918,0.11992543341498167,357.2935137930186,0.0011460681084542732
314000.0,341807.6991813341,6719907.699181334,-0.19917627376216207,359.5856421209259,0.0011461001260229925
316000.0,341585.5055453656,6719685.505545366,0.05969033358924176,361.8779462527394,0.0011461716132188326
318000.0,341817.9082592139,6719917.908259214,0.036436672895708615,364.17020297984135,0.0011460880358659528
320000.0,341565.5993620707,6719665.599362071,-0.19147986078911186,366.4624323188554,0.0011461698072743136
322000.0,341498.96726548765,6719598.967265488,0.132453365797783,368.754830861282,0.0011461882059008465
324000.0,341670.9055448277,6719770.905544828,-0.06767709161799479,371.04711926317367,0.0011461252401168466
326000.0,341342.320504345,6719442.320504345,-0.1270351144919676,373.3394700946715,0.0011462330088947625
328000.0,341435.9535918394,6719535.953591839,0.15095072771074053,375.6319345937935,0.0011461967136110532
330000.0,341471.6527293008,6719571.652729301,-0.15688588650493387,377.9242729954006,0.0011461802075964863
332000.0,341162.0189091973,6719262.018909197,-0.02814661713885157,380.2167508079137,0.0011462814876746412
334000.0,341365.86182697397,6719465.861826974,0.10910686714164132,382.5092570357455,0.0011462075760161
336000.0,341236.35585387703,6719336.355853877,-0.2007833468839013,384.801673256559,0.0011462474109928211
338000.0,341034.01060125325,6719134.010601253,0.07115260250726087,387.0942667653872,0.0011463120630052527
340000.0,341260.2985775657,6719360.298577566,0.021359255143636253,389.3868030654983,0.0011462304788702848
342000.0,340993.1393756699,6719093.13937567,-0.18449193904829125,391.6793250494506,0.0011463172558042268
344000.0,340949.3568031322,6719049.356803132,0.13686831839664426,393.97201030466096,0.001146327783670267
346000.0,341102.8680910198,6719202.86809102,-0.08210825806217151,396.26458169637345,0.0011462710153147372
348000.0,340772.6490863776,6718872.649086378,-0.11386075448440701,398.55722803335243,0.0011463792847118705
350000.0,340883.95910266973,6718983.95910267,0.14644097676577528,400.84997676189937,0.0011463368719677475
352000.0,340894.76870043017,6718994.76870043,-0.16570835257826574,403.1426033488014,0.001146328776998795
354000.0,340597.32844616566,6718697.328446166,-0.013429064080057937,405.4353770313072,0.0011464258371001463
356000.0,340806.9621213833,6718906.962121383,0.09688339722919588,407.72816652097407,0.001146349855819528
358000.0,340654.317064438,6718754.317064438,-0.20095918859990897,410.02087662212585,0.0011463975152504109
360000.0,340473.7053391179,6718573.705339118,0.08216241877614117,412.31376426485605,0.0011464546832233287
362000.0,340691.39475599583,6718791.394755996,0.005404427570447664,414.6065852690955,0.001146375937601777
364000.0,340410.6262203036,6718510.626220304,-0.1760173407476653,416.8994058045627,0.0011464672959028816
366000.0,340390.34373097774,6718490.343730978,0.14009948053946827,419.19238239467376,0.0011464697248598306
368000.0,340523.30482930224,6718623.304829302,-0.09646435590767978,421.48524238153175,0.0011464198779017004
370000.0,340193.5118904924,6718293.511890492,-0.09970889470615077,423.7781898041188,0.0011465279423663757
372000.0,340321.6765577756,6718421.676557776,0.14056449419925363,426.07122750167173,0.001146479687212825
374000.0,340306.597227213,6718406.597227213,-0.17375078614450576,428.36414819349363,0.0011464803447736413
376000.0,340023.34008322284,6718123.340083223,0.0014772771200436358,430.6572229874797,0.0011465725013083635
378000.0,340236.9640898807,6718336.964089881,0.08358175456172395,432.95030081756005,0.0011464950608189501
380000.0,340061.59517254494,6718161.595172545,-0.19988083205026594,435.2433108029106,0.0011465504033059697
382000.0,339903.86234542634,6718003.862345426,0.09246355588136444,437.5364975025024,0.0011465996902475415
384000.0,340110.78086439613,6718210.780864396,-0.010951486700841211,439.8296087584863,0.0011465245224457805
386000.0,339818.07790233195,6717918.077902332,-0.16632465594087892,442.1227337272971,0.001146619889485497
388000.0,339821.1442029625,6717921.1442029625,0.1420168683363658,444.4160064872906,0.0011466142647030787
390000.0,339931.84844945837,6718031.848449458,-0.11040412322511166,446.7091610659701,0.0011465719212390465
392000.0,339604.82617387455,6717704.826173875,-0.0848105054435844,449.00241518100097,0.0011466789774786008
394000.0,339748.3880664697,6717848.38806647,0.13313749902167626,451.2957468133994,0.0011466253717212342
396000.0,339706.79152698163,6717806.791526982,-0.18050432439595615,453.58896791762163,0.001146634996712335
398000.0,339439.87006636243,6717539.870066362,0.016263618350546318,455.8823490702275,0.0011467215098017796
400000.0,339655.1494544605,6717755.1494544605,0.06912577391726958,458.1757205922139,0.001146643403169123
402000.0,339457.83544111904,6717557.835441119,-0.1973132549787582,460.46903680518557,0.0011467061629979321
404000.0,339324.1422986677,6717424.142298668,0.10188191499649397,462.7625276066415,0.0011467471661498543
406000.0,339517.91184173804,6717617.911841738,-0.027673782427138617,465.05593492729815,0.001146676386024426
408000.0,339215.0812312281,6717315.081231228,-0.1553027195376144,467.3493704822362,0.0011467751436332304
410000.0,339241.3714694241,6717341.371469424,0.14252836497338456,469.64294442090363,0.0011467615010184878
412000.0,339328.0872899499,6717428.08728995,-0.12384954007659614,471.93639981330733,0.0011467272519182932
414000.0,339006.1239669267,6717106.123966927,-0.06921736810326132,474.22996643472715,0.0011468325151454668
416000.0,339163.62792996876,6717263.627929969,0.12425895040564637,476.52359722072856,0.001146774049870676
418000.0,339095.01851933915,6717195.018519339,-0.18611898385937714,478.8171252139859,0.0011467928119741793
420000.0,338846.4304104801,6716946.43041048,0.030875060341782282,481.1108182081337,0.0011468729938914869
422000.0,339061.08294374216,6717161.082943742,0.05365245436321382,483.40448904131904,0.0011467949964730374
424000.0,338842.7208539024,6716942.720853902,-0.1931638545423937,485.69811800197704,0.0011468648672765514
426000.0,338734.12789016496,6716834.127890165,0.11020295606182443,487.9919180899842,0.00114689721759659
428000.0,338912.19287148584,6717012.192871486,-0.044683516027827275,490.2856275913831,0.0011468316959721671
430000.0,338601.40169242956,6716701.40169243,-0.14290526405162007,492.57938009842724,0.0011469331023733766
432000.0,338650.5093321493,6716750.509332149,0.14141919792459917,494.87326038978216,0.0011469115737776298
434000.0,338711.4578423593,6716811.457842359,-0.13659933706037555,497.16702316366195,0.001146886026318256
436000.0,338397.13298178744,6716497.132981787,-0.0529831572894873,499.4609082861862,0.0011469886115497976
438000.0,338566.83781095315,6716666.837810953,0.11380139841062259,501.7548436584145,0.0011469258755985737
440000.0,338470.82969093416,6716570.829690934,-0.19035920144570287,504.0486853469535,0.001146953906985483
442000.0,338242.67976132594,6716342.679761326,0.0451719067950066,506.34269580267534,0.0011470270326826295
444000.0,338454.08709325176,6716554.087093252,0.03715470853335548,508.63667185285396,0.0011469500349129795
446000.0,338215.8682126738,6716315.868212674,-0.18747089775808506,510.93062036452824,0.0011470266094818539
448000.0,338133.2230643146,6716233.223064315,0.11738198942559883,513.2247351810388,0.0011470500100704147
450000.0,338293.20875532646,6716393.208755326,-0.06175704418038485,515.5187532969829,0.0011469905563978998
452000.0,337976.7245344119,6716076.724534412,-0.12925848874776427,517.8128292400055,0.001147093834841181
454000.0,338047.8494764874,6716147.849476487,0.13860511449148968,520.1070213173506,0.0011470646863262358
456000.0,338081.5855848063,6716181.585584806,-0.14843611862803205,522.4010983745618,0.0011470483340379227
458000.0,337777.5309823742,6715877.530982374,-0.03632552334217509,524.6953081022654,0.00114714733760003
460000.0,337957.20539075416,6716057.205390754,0.10174997121951317,526.9895538191844,0.0011470810873227104
462000.0,337833.9328913009,6715933.932891301,-0.19293758601972696,529.2837163308944,0.0011471183424393886
464000.0,337628.2095248373,6715728.209524837,0.058840303052658076,531.5780499585317,0.0011471837258780764
466000.0,337833.4990634341,6715933.499063434,0.019733943156699945,533.8723374786485,0.001147108705397228
468000.0,337577.0911806077,6715677.091180608,-0.17999791852826635,536.1666125779685,0.0011471914133154284
470000.0,337520.88877248764,6715620.888772488,0.12305303001121135,538.4610476602131,0.0011472056872720024
472000.0,337660.2404201925,6715760.2404201925,-0.07866141206377032,540.7553812340775,0.0011471531728504845
474000.0,337340.776254219,6715440.776254219,-0.11442965071726778,543.0497873315699,0.0011472573936139527
476000.0,337432.73597286455,6715532.735972865,0.13394782553169635,545.3442968718788,0.0011472210217584862
478000.0,337437.9357634913,6715537.935763491,-0.15907656931112218,547.638695485628,0.0011472143169591721
480000.0,337147.0672148671,6715247.067214867,-0.01941619760255234,549.9332360541123,0.0011473087372543859
482000.0,337334.03068548813,6715434.030685488,0.08803164249287349,552.2277981308885,0.0011472398827232927
484000.0,337183.8937432021,6715283.893743202,-0.1936774680032598,554.522288940605,0.0011472862250904515
486000.0,337002.55102418084,6715102.551024181,0.07162575354543564,556.8169516184242,0.0011473431911577059
488000.0,337198.5918366704,6715298.59183667,0.0015575667504098888,559.1115572319802,0.001147271214293207
490000.0,336926.03461752366,6715026.034617524,-0.17069947940991587,561.4061662203605,0.001147359357505924
492000.0,336896.54248466995,6714996.54248467,0.12700113306112343,563.7009273025191,0.0011473644051664355
494000.0,337012.7175883977,6715112.717588398,-0.0952206518885045,565.9955835448236,0.0011473196975169049
496000.0,336693.19770685304,6714793.197706853,-0.0984180517321613,568.2903267104562,0.0011474238578444145
498000.0,336804.50204950664,6714904.502049507,0.1273804590013833,570.5851596311978,0.0011473807642908783
500000.0,336780.0606137309,6714880.060613731,-0.16844202390761212,572.8798873987234,0.0011473840846263493
502000.0,336504.99571833666,6714604.995718337,-0.002442135528605239,575.1747653222733,0.0011474730209435156
504000.0,336696.70700010005,6714796.7070001,0.07283594693548595,577.4696501983362,0.0011474024249227693
506000.0,336520.3517233301,6714620.35172333,-0.19260343597185428,579.7644769897432,0.0011474576337052286
508000.0,336365.04100776464,6714465.041007765,0.08341499257662735,582.0594748501115,0.0011475056099104577
510000.0,336548.68712576665,6714648.687125767,-0.01724997631343458,584.3544055795434,0.0011474377486037348
512000.0,336262.3470933046,6714362.347093305,-0.15961218504887206,586.6493560056351,0.0011475305166486784
514000.0,336259.50031416677,6714359.500314167,0.1290575335940355,588.9444490671434,0.0011475263515348514
516000.0,336349.9348868374,6714449.934886837,-0.11118262776134247,591.2394356192316,0.0011474903259219393
518000.0,336033.6714252373,6714133.671425237,-0.08140557697246834,593.534522980064,0.0011475932894767567
520000.0,336162.2899874635,6714262.2899874635,0.11869795675243995,595.8296855142256,0.0011475441605197647
522000.0,336107.46210707724,6714207.462107077,-0.17606157593794666,598.1247504785601,0.0011475577607731968
524000.0,335851.1246211361,6713951.124621136,0.014279235203266988,600.4199723247397,0.0011476402067826905
526000.0,336044.2281213412,6714144.228121341,0.05620973414641273,602.7151867924855,0.0011475690106977873
528000.0,335842.9858799279,6713942.985879928,-0.1894960644258694,605.0103576328272,0.0011476326304611733
530000.0,335715.01106657553,6713815.011066576,0.09381918052515666,607.3056969648287,0.0011476711623106292
532000.0,335883.0889976239,6713983.088997624,-0.03637315823577852,609.600960287457,0.0011476084983909156
534000.0,335585.6001506718,6713685.600150672,-0.1468670317436944,611.8962599264661,0.001147704988556576
536000.0,335608.8735453179,6713708.873545318,0.1291754810211946,614.1916913169374,0.001147691781122159
538000.0,335671.538834285,6713771.538834285,-0.12631443887344793,616.4870161819163,0.0011476651302537444
540000.0,335361.570139735,6713461.570139735,-0.06359667931156288,618.7824550422358,0.001147765853178767
542000.0,335505.3621876547,6713605.362187655,0.10804129146498961,621.0779538262544,0.0011477114129143273
544000.0,335419.61047529615,6713519.610475296,-0.18203105503920172,623.3733643378404,0.0011477354768365867
546000.0,335184.7327513406,6713284.732751341,0.030713597439729567,625.6689370036001,0.0011478104905105807
548000.0,335375.9490985088,6713475.949098509,0.03815274875537964,627.9644882269962,0.0011477398102036915
550000.0,335151.21583361365,6713251.215833614,-0.18418673936594224,630.2600115188932,0.0011478113629008252
552000.0,335051.84563888144,6713151.845638881,0.10266387926756565,632.5556988798387,0.0011478400071601416
554000.0,335201.0600130018,6713301.060013002,-0.05562789839673423,634.8513026873896,0.0011477836646418842
556000.0,334895.48955374584,6712995.489553746,-0.13241512368252414,637.146959554891,0.00114788282514753
558000.0,334943.8878479954,6713043.887847995,0.12705787476171995,639.4427358366772,0.0011478609063098868
560000.0,334976.75412803795,6713076.754128038,-0.14026520346848698,641.7384075294133,0.0011478443234952528
562000.0,334676.5442347042,6712776.544234704,-0.045204119540152535,644.0342054031134,0.001147941615229115
564000.0,334832.7003602069,6712932.700360207,0.09537032936371637,646.3300474609001,0.001147882816541925
566000.0,334716.1501358738,6712816.150135874,-0.1859599832877332,648.6258122895192,0.0011479173011741113
568000.0,334505.1273138812,6712605.127313881,0.04628927026059494,650.9217427948367,0.0011479840547109798
570000.0,334690.94531829935,6712790.945318299,0.019063795802724735,653.2176385096969,0.0011479150857258012
572000.0,334444.8355245469,6712544.835524547,-0.17680924221847072,655.5135228766991,0.0011479938469850972
574000.0,334374.61918289587,6712474.619182896,0.10964307547002401,657.8095650758917,0.0011480124057151014
576000.0,334501.8578485949,6712601.857848595,-0.0746770231183775,660.1055177909184,0.0011479634464661651
578000.0,334191.50457488466,6712291.504574885,-0.11649475570395768,662.4015401475065,0.0011480641452177936
580000.0,334263.58594232146,6712363.585942321,0.1226462877897713,664.697668299293,0.0011480339983905754
582000.0,334265.0054763295,6712365.0054763295,-0.1527650424034949,666.9936957821735,0.0011480280465626378
584000.0,333978.0697011659,6712078.069701166,-0.026533934404892594,669.2898603802536,0.0011481206977023936
586000.0,334143.36551633105,6712243.365516331,0.08069485862643858,671.5860531597887,0.0011480586356952358
588000.0,333996.53950728383,6712096.539507284,-0.18762691639552848,673.882181491439,0.0011481033618757639
590000.0,333811.6912965067,6711911.691296507,0.060811675423860276,676.1784770965078,0.001148161052174355
592000.0,333988.2585508218,6712088.258550822,-0.0009418567585571092,678.474725498115,0.0011480951073034734
594000.0,333723.32047201786,6711823.320472018,-0.1672394790734387,680.7709799487793,0.0011481802035289482
596000.0,333682.4900133861,6711782.490013386,0.11456651081749618,683.0673841115557,0.0011481885866449074
598000.0,333784.6464463584,6711884.646446358,-0.09327132347415806,685.3636946763371,0.0011481480710977007
600000.0,333473.1901948927,6711573.190194893,-0.09915817072713615,687.660091061982,0.0011482490443985225
602000.0,333566.95798827335,6711666.957988273,0.11577711248337608,689.9565784268503,0.0011482113426840863
604000.0,333535.6989881126,6711635.698988113,-0.16350088268662152,692.2529711563405,0.0011482164426338407
606000.0,333265.4433316095,6711365.4433316095,-0.007894554685552016,694.5495104231072,0.001148303279794773
608000.0,333436.30595616903,6711536.305956169,0.06419215720538589,696.8460619127177,0.0011482391691516527
610000.0,333260.30125919357,6711360.301259194,-0.18690282372039982,699.1425633302295,0.0011482937607980776
612000.0,333103.61978856754,6711203.619788568,0.07386746128158098,701.4392315347827,0.0011483416957107418
614000.0,333266.8878924893,6711366.887892489,-0.021636028226065314,703.7358413856767,0.0011482801554017399
616000.0,332986.1681516124,6711086.168151612,-0.15540298054353927,706.032475298463,0.0011483705414445633
618000.0,332974.51503633615,6711074.515036336,0.1170198354666699,708.3292488526301,0.0011483688090093112
620000.0,333048.6160733076,6711148.616073308,-0.11098465090630341,710.6259267842314,0.0011483377524420147
622000.0,332740.0243122168,6710840.024312217,-0.08069601087183678,712.9227059864065,0.0011484376367536238
624000.0,332852.8646597238,6710952.864659724,0.10637130010481433,715.2195603699588,0.001148393264452303
626000.0,332788.1269332478,6710888.126933248,-0.17217213494422215,717.5163283508623,0.001148409689299224
628000.0,332538.00237192493,6710638.002371925,0.010402529613055048,719.8132505014337,0.001148489522255043
630000.0,332710.3677709084,6710810.367770908,0.045876927151080424,722.1101692149873,0.001148424746199113
632000.0,332506.86989401374,6710606.869894014,-0.18353109036890264,724.4070537897487,0.0011484886252273434
634000.0,332379.97203544155,6710479.972035442,0.08507509081360935,726.7041023980441,0.0011485262399198275
636000.0,332525.88757303264,6710625.887573033,-0.04262347120614075,729.0010830798411,0.0011484704869776827
638000.0,332232.9530896386,6710332.953089639,-0.14144146637000446,731.2981061059937,0.0011485649384011378
640000.0,332249.5659525031,6710349.565952503,0.11682702030680715,733.595256870503,0.0011485533904965967
642000.0,332292.85910456534,6710392.859104565,-0.1274956248873012,735.8923123067387,0.0011485327330918588
644000.0,331991.4168728152,6710091.416872815,-0.06123924289546709,738.189483427145,0.0011486300545753628
646000.0,332120.2346054539,6710220.234605454,0.09435770353436779,740.4867130800071,0.0011485800608681675
648000.0,332021.5546493009,6710121.554649301,-0.17845973067128335,742.7838668440083,0.001148607968381118
650000.0,331794.9947321983,6709894.994732198,0.028073652590203998,745.0811803779759,0.0011486796113267218
652000.0,331964.5521762967,6710064.552176297,0.025893424596386504,747.3784753424274,0.0011486156381192334
654000.0,331735.58433810435,6709835.584338104,-0.1775073755351941,749.6757535538475,0.001148688110022571
656000.0,331639.7476664139,6709739.747666414,0.0942741617503136,751.9731907671593,0.001148714954706815
658000.0,331764.21524907276,6709864.215249073,-0.06371130924148391,754.2705522533454,0.0011486663869725835
660000.0,331463.04270233586,6709563.042702336,-0.1254093556940221,756.5679744388649,0.0011487635375904734
662000.0,331506.47648135386,6709606.476481354,0.11381954450990449,758.8655106872736,0.0011487426566089353
664000.0,331516.6172833089,6709616.617283309,-0.1424276903073402,761.1629543504824,0.0011487331992359145
666000.0,331226.6432219865,6709326.6432219865,-0.04121057377280423,763.4605267516781,0.0011488264707849188
668000.0,331367.6523760827,6709467.652376083,0.07977751326169337,765.7581405555578,0.0011487721415854454
670000.0,331235.45964517165,6709335.459645172,-0.18202886635925816,768.0556911953919,0.001148811383528677
672000.0,331035.4663681444,6709135.466368144,0.04451414786132887,770.3534048542762,0.0011488737968279304
674000.0,331197.4586994471,6709297.458699447,0.00470573738580771,772.6510858898654,0.001148812248188399
676000.0,330945.98480685335,6709045.984806853,-0.16877308813616781,774.9487686473943,0.001148892295336044
678000.0,330881.75107497815,6708981.751074978,0.10098617980513222,777.2466030166408,0.001148908171150108
680000.0,330980.9058198463,6709080.905819846,-0.08438214362723899,779.5443559955637,0.0011488681081767618
682000.0,330675.78176749684,6708775.781767497,-0.10762425185450569,781.8421876792322,0.0011489664840311279
684000.0,330743.84700844996,6708843.84700845,0.10781322490657158,784.1401182399202,0.0011489370069763265
686000.0,330719.0582496589,6708819.058249659,-0.15529520203232677,786.4379615383191,0.0011489393564633513
688000.0,330444.8588231066,6708544.858823107,-0.02105021096963321,788.7359448739402,0.0011490270932591367
690000.0,330593.828637043,6708693.828637043,0.06280513559782053,791.0339523650441,0.0011489698671986496
692000.0,330429.0892990483,6708529.089299048,-0.1827296734644498,793.3319114920154,0.001149020110982721
694000.0,330258.33202623855,6708358.332026239,0.05939649119951074,795.6300344164646,0.0011490723673117686
696000.0,330407.87939373124,6708507.879393731,-0.017575500235442507,797.9281120044026,0.0011490149077411573
698000.0,330137.4065108551,6708237.406510855,-0.15717601133859602,800.2262107001941,0.0011491013250877584
700000.0,330104.757005021,6708204.757005021,0.1047412446038698,802.524451177146,0.001149106224225234
702000.0,330174.58242477383,6708274.582424774,-0.10418476623546356,804.822607171598,0.0011490760380698593
704000.0,329870.5150889,6707970.5150889,-0.08818888394122221,807.1208591477849,0.0011491739160736166
706000.0,329960.29557072185,6708060.295570722,0.098645524853951,809.419193373812,0.001149136828786677
708000.0,329899.245459442,6707999.245459442,-0.16576887779029342,811.7174484035022,0.0011491514394247882
710000.0,329645.1336484244,6707745.133648424,-0.0011639159232369012,814.0158527005897,0.0011492321523921313
712000.0,329797.3470916832,6707897.347091683,0.04361781226748407,816.314264110198,0.0011491736351895339
714000.0,329601.7637417726,6707701.763741773,-0.18036144830160142,818.612643892715,0.0011492342951539064
716000.0,329462.31458495744,6707562.314584957,0.07218180254979072,820.9111856209297,0.0011492756702108883
718000.0,329594.5151432585,6707694.5151432585,-0.04024432698161154,823.2096711171528,0.001149223972484448
720000.0,329309.2600564007,6707409.260056401,-0.14305321394193082,825.5081974864557,0.0011493153102059897
722000.0,329307.0799607355,6707407.0799607355,0.10538290656090553,827.8068536366034,0.0011493095995668374
724000.0,329344.5890628211,6707444.589062821,-0.1224490395227807,830.1054248936485,0.001149290310139694
726000.0,329046.39632413443,6707146.396324134,-0.0678352588254276,832.4041081193626,0.001149386030277224
728000.0,329154.0375481276,6707254.037548128,0.08651983057046155,834.7028561961163,0.0011493426400880284
730000.0,329056.58182844985,6707156.58182845,-0.173353241779348,837.0015357190393,0.0011493695590907558
732000.0,328826.3362193899,6706926.33621939,0.017743851676121285,839.3003712647165,0.0011494419401910062
734000.0,328976.44825254474,6707076.448252545,0.022596787632063478,841.5991977606077,0.0011493839533469222
736000.0,328752.85754337255,6706852.857543373,-0.17477361556792922,843.8980109566692,0.0011494540540813475
738000.0,328645.98754281644,6706745.987542816,0.08238855164701156,846.1969814633752,0.0011494840965776284
740000.0,328756.0219104346,6706856.021910435,-0.06288740604778939,848.4958870851948,0.0011494398059648323
742000.0,328460.66263464093,6706560.662634641,-0.12658185293488255,850.794853346492,0.0011495344541784043
744000.0,328487.2217715122,6706587.221771512,0.10266902627558078,853.0939353463219,0.0011495187109514975
746000.0,328489.5823104689,6706589.582310469,-0.1388808076943449,855.3929349576694,0.0011495112854150423
748000.0,328202.3480350673,6706302.348035067,-0.04674560204208194,857.6920609391226,0.0011496030941377058
750000.0,328323.5458916975,6706423.5458916975,0.07137681812894138,859.9912337457488,0.0011495548627373593
752000.0,328189.97382077295,6706289.973820773,-0.17788800506389438,862.2903512466252,0.0011495939881777575
754000.0,327987.09008339234,6706087.090083392,0.035328811057718054,864.5896288960968,0.0011496568241913978
756000.0,328129.7386457138,6706229.738645714,9.831654912079862e-05,866.8888824744307,0.0011496011958100538
758000.0,327881.4630942084,6705981.463094208,-0.16603324204323486,869.188142374865,0.0011496795938200465
760000.0,327807.69056250434,6705907.690562504,0.08962439122835392,871.4875522512755,0.001149698109078584
762000.0,327891.06319585815,6705991.063195858,-0.08494816511857022,873.786891149112,0.0011496627605329852
764000.0,327590.7610616023,6705690.761061602,-0.10808645828674276,876.0863099526715,0.001149758941387918
766000.0,327643.2817732068,6705743.281773207,0.09643824204410895,878.3858287297642,0.0011497341013773665
768000.0,327608.52641195804,6705708.526411958,-0.1528193356276576,880.6852706776336,0.0011497392105268255
770000.0,327337.30943363253,6705437.3094336325,-0.02560813777855123,882.9848512708307,0.001149825360324651
772000.0,327466.888429285,6705566.888429285,0.0534109055421531,885.2844606159108,0.001149774048497586
774000.0,327298.50505869836,6705398.505058698,-0.17896551241028577,887.5840303603126,0.0011498249293417692
776000.0,327126.04718005564,6705226.047180056,0.050963428265847155,889.8837613920363,0.0011498771528994456
778000.0,327255.43507357314,6705355.435073573,-0.023481845290610582,892.1834550292102,0.0011498258610489456
780000.0,326986.6603090819,6705086.660309082,-0.15410769512537342,894.4831755769557,0.0011499111149892375
782000.0,326945.7845717445,6705045.7845717445,0.09354526087170889,896.7830360219949,0.0011499181535866083
784000.0,326998.0717405174,6705098.071740517,-0.10600560252224679,899.0828223099807,0.0011498932580406424
786000.0,326698.4780012509,6704798.478001251,-0.08780415174760914,901.3827068973709,0.001149989023018006
788000.0,326773.444905797,6704873.444905797,0.08655014438731744,903.6826741380013,0.0011499562747753114
790000.0,326700.11552244984,6704800.11552245,-0.16395171834848934,905.9825732998173,0.0011499744146342438
792000.0,326449.8980765389,6704549.898076539,-0.004813138548821443,908.2826209437278,0.0011500531814833818
794000.0,326582.19517877046,6704682.19517877,0.032838565336085375,910.5826795755247,0.0011500007177825335
796000.0,326381.1036468921,6704481.103646892,-0.17634892495176485,912.8827165966508,0.001150062628026893
798000.0,326241.4878414972,6704341.487841497,0.0641117502924185,915.1829129027528,0.001150103391722317
800000.0,326351.7653047545,6704451.7653047545,-0.047703699979256796,917.4830606404736,0.0011500584333483845
802000.0,326067.41601611674,6704167.416016117,-0.13905015566996554,919.7832564354812,0.0011501488460250483
804000.0,326058.3558893604,6704158.35588936,0.09364389304995359,922.0835793437233,0.0011501447593883181
806000.0,326075.5408313358,6704175.540831336,-0.12538032084013262,924.3838282102936,0.0011501316886856567
808000.0,325782.580247649,6703882.580247649,-0.06622674699069325,926.6841923551815,0.0011502249924419895
810000.0,325875.485639818,6703975.485639818,0.07300497298518117,928.9846207379784,0.0011501858648167835
812000.0,325763.2037343243,6703863.203734324,-0.17166199055094325,931.2849929585753,0.001150217160593762
814000.0,325538.5885411566,6703638.588541157,0.014816844429770392,933.5855205667827,0.0011502869477687323
816000.0,325667.2264701789,6703767.226470179,0.01005899315514202,935.8860424121247,0.001150235506434657
818000.0,325436.84999359585,6703536.849993596,-0.1698964053586527,938.1865625318337,0.0011503072654624235
820000.0,325331.511553376,6703431.511553376,0.07400040739060455,940.4872365814775,0.0011503360563204456
822000.0,325416.7277707327,6703516.727770733,-0.07175775214023525,942.7878537320586,0.0011502994638418538
824000.0,325122.7190251779,6703222.719025178,-0.12120135499772361,945.0885399818363,0.0011503929954248065
826000.0,325142.9397716727,6703242.939771673,0.08955705434181924,947.3893381545963,0.001150378632730605
828000.0,325121.9343949463,6703221.934394946,-0.1422091088640705,949.6900660323049,0.0011503784402911775
830000.0,324841.77084330004,6702941.7708433,-0.044014537561578006,951.9909240093452,0.00115046715211146
832000.0,324947.0514770029,6703047.051477003,0.05579997962036272,954.2918272663134,0.0011504235363259112
834000.0,324796.45782387163,6702896.457823872,-0.17551285309786213,956.5926894338369,0.0011504677625049987
836000.0,324601.6146864472,6702701.614686447,0.0326632578524722,958.8937105577847,0.0011505271188104983
838000.0,324719.8861898156,6702819.886189816,-0.014458706916807578,961.1947107174747,0.0011504789881729117
840000.0,324464.3143018205,6702564.3143018205,-0.15966365821551856,963.4957306073571,0.0011505591843602118
842000.0,324393.78550758865,6702493.785507589,0.0803026823577475,965.7968958309297,0.001150575797242113
844000.0,324448.6127413865,6702548.6127413865,-0.09505770864583886,968.0979989112424,0.0011505493900084442
846000.0,324151.0880090408,6702251.088009041,-0.10105575545997532,970.3991914814343,0.0011506439189070648
848000.0,324197.1294969348,6702297.129496935,0.08131576950712954,972.7004788258251,0.001150620446228088
850000.0,324135.7927189106,6702235.792718911,-0.15611560270343688,975.0017032136096,0.0011506338603242284
852000.0,323874.20442397334,6701974.204423973,-0.02197003990825171,977.3030699758,0.00115071597820511
854000.0,323985.5771106016,6702085.577110602,0.03550627767416818,979.6044632041026,0.0011506700129428004
856000.0,323798.6795908958,6701898.679590896,-0.17522506145677214,981.9058331423842,0.0011507264732499897
858000.0,323636.6009311592,6701736.600931159,0.047837918749200736,984.2073620938743,0.0011507743486012594
860000.0,323737.8306324277,6701837.830632428,-0.03984567710593319,986.5088571920711,0.001150731806824847
862000.0,323462.51572511997,6701562.51572512,-0.14580411885889077,988.8103942156047,0.0011508185578277077
864000.0,323425.67000291403,6701525.670002914,0.08235681034759633,991.1120648925132,0.0011508233553035384
866000.0,323445.39845542144,6701545.398455421,-0.1166003976134222,993.4136719037325,0.0011508087409300095
868000.0,323151.0868441146,6701251.086844115,-0.07930539208556123,995.7153873030101,0.0011509019406931954
870000.0,323218.0112533616,6701318.011253362,0.06884515616633985,998.0171789444481,0.0011508710309889925
872000.0,323115.52014955506,6701215.520149555,-0.16627254294837965,1000.3189186686927,0.0011508983266121822
874000.0,322877.8978191279,6700977.897819128,-0.000955558878997383,1002.6208098345927,0.0011509719777993352
876000.0,322988.29468494,6701088.29468494,0.012467581587980834,1004.9227095664,0.0011509260717135939
878000.0,322768.43425580766,6700868.434255808,-0.1706312593853628,1007.2246061769798,0.001150993609881958
880000.0,322641.1145027904,6700741.11450279,0.05959357307186246,1009.5266581228208,0.0011510292939654315
882000.0,322718.5186442984,6700818.518644298,-0.06534018492145023,1011.8286663140055,0.0011509946571885636
884000.0,322429.7540638037,6700529.754063804,-0.1287372717287581,1014.1307387809239,0.0011510857881838405
886000.0,322424.2458527209,6700524.245852721,0.07985281017125234,1016.4329304245641,0.001151079549896934
888000.0,322405.06258280855,6700505.062582809,-0.13560543663487595,1018.7350608295437,0.001151078028077662
890000.0,322120.7247703504,6700220.72477035,-0.056664121408851076,1021.0373163879048,0.0011511675570725593
892000.0,322202.61303010583,6700302.613030106,0.0522611828717167,1023.3396288951078,0.0011511312201422871
894000.0,322059.35377097037,6700159.35377097,-0.17217790903400892,1025.6419040735893,0.0011511722556749799
896000.0,321850.39490312524,6699950.394903125,0.018094836643267404,1027.9443361473668,0.0011512358014976092
898000.0,321952.33573654294,6700052.335736543,-0.012522681126872541,1030.2467605806726,0.0011511925055046111
900000.0,321704.10480586626,6699804.104805866,-0.16179848163346897,1032.5492038016025,0.0011512695323874361
902000.0,321612.1817468656,6699712.181746866,0.06728017501515499,1034.8517950185333,0.001151292778057841
904000.0,321659.5249680001,6699759.524968,-0.09012859545599815,1037.1543361065244,0.0011512681746387128
906000.0,321364.2941757981,6699464.294175798,-0.10885207143548015,1039.456963205431,0.0011513612693825346
908000.0,321386.3208237374,6699486.320823737,0.07243641949850958,1041.7596926211977,0.0011513452742929152
910000.0,321325.3399417065,6699425.3399417065,-0.15132283957890624,1044.0623674963797,0.0011513578257971444
912000.0,321057.8795686206,6699157.879568621,-0.033953357294948305,1046.3651814373584,0.0011514412884758261
914000.0,321147.5855331188,6699247.585533119,0.03189007311879805,1048.6680329833625,0.00115140195578348
916000.0,320965.37244524714,6699065.372445247,-0.1735119266640996,1050.9708651285234,0.0011514560968050366
918000.0,320789.02258078475,6698889.022580785,0.034444580383111295,1053.2738556371612,0.0011515081528083323
920000.0,320874.6521847462,6698974.652184746,-0.03899301213798855,1055.57682466168,0.0011514701473854375
922000.0,320603.7163783014,6698703.716378301,-0.14872675393985743,1057.879835679116,0.001151554701134453
924000.0,320546.5446299827,6698646.544629983,0.07029908203926685,1060.1829837296816,0.001151565699498369
926000.0,320558.1732638795,6698658.1732638795,-0.11322750332530057,1062.48607932338,0.0011515530581402533
928000.0,320263.88076667394,6698363.880766674,-0.087030228750281,1064.7892812565717,0.0011516455506318253
930000.0,320308.20919502154,6698408.209195022,0.06021767761836511,1067.0925669557687,0.0011516215682422172
932000.0,320204.17044010386,6698304.170440104,-0.1630176718082798,1069.3958089663718,0.0011516486140584344
934000.0,319959.73132265545,6698059.731322655,-0.012213017721161647,1071.6992005076004,0.0011517238708285687
936000.0,320049.3549328344,6698149.354932834,0.008248649539461259,1074.0026111862996,0.001151684233191327
938000.0,319831.62277887575,6697931.622778876,-0.169956642197992,1076.3060232230507,0.0011517502852632223
940000.0,319690.329451208,6697790.329451208,0.047003474447231686,1078.6095908883274,0.0011517899777228559
942000.0,319751.9398816889,6697851.939881689,-0.06576087862922816,1080.9131265141323,0.0011517598932414275
944000.0,319465.24935611803,6697565.249356118,-0.13189179620371982,1083.2167276439952,0.0011518495656415945
946000.0,319440.3689916404,6697540.36899164,0.0681270459444522,1085.520451597429,0.0011518491291170033
948000.0,319411.5857497463,6697511.585749746,-0.13371077279869759,1087.8241252919665,0.0011518500494705874
950000.0,319126.00136069674,6697226.001360697,-0.06399357460687996,1090.1279234073584,0.0011519392423149826
952000.0,319186.0196981523,6697286.019698152,0.0433133462462141,1092.431785709452,0.0011519095154310668
954000.0,319038.99268112425,6697138.992681124,-0.170086221094009,1094.735619302622,0.0011519510172723645
956000.0,318823.0267444905,6696923.0267444905,0.007444017614055597,1097.039608918254,0.0011520161609339648
958000.0,318904.0632319348,6697004.063231935,-0.017797752322886103,1099.3436009978777,0.0011519791173570703
960000.0,318655.80308813695,6696755.803088137,-0.1615405561008702,1101.647617324764,0.0011520553467256871
962000.0,318550.37010262255,6696650.370102623,0.05498676457156238,1103.9517823941303,0.0011520823630373413
964000.0,318580.78580143023,6696680.78580143,-0.09175979613146039,1106.2559088605285,0.0011520626469912964
966000.0,318286.1671712175,6696386.1671712175,-0.11199794710986277,1108.560123697807,0.001152154722522908
968000.0,318289.177837017,6696389.177837017,0.06049640038202164,1110.8644445397847,0.0011521443286597471
970000.0,318216.88720781356,6696316.887207814,-0.1504472742873725,1113.168722079486,0.0011521598584163834
972000.0,317947.50168536324,6696047.501685363,-0.04100068697659597,1115.4731389295837,0.0011522431437183504
974000.0,318015.14187544305,6696115.141875443,0.022123773436046833,1117.777600456066,0.0011522104154114456
976000.0,317827.2920079706,6695927.292007971,-0.1719496274658736,1120.0820519746048,0.0011522656109327193
978000.0,317643.8883623872,6695743.888362387,0.023902727200272193,1122.3866615481058,0.001152319197339647
980000.0,317707.64722234383,6695807.647222344,-0.04526693591903,1124.691259707649,0.0011522877108853977
982000.0,317435.2430044729,6695535.243004473,-0.14857301370906104,1126.9959062843027,0.0011523718992485434
984000.0,317364.6219894169,6695464.621989417,0.05768494587027622,1129.3006908172458,0.0011523865600202483
986000.0,317357.6046352964,6695457.604635296,-0.1158485741769234,1131.6054347815684,0.001152379337082873
988000.0,317063.22289285064,6695163.222892851,-0.08997283213804078,1133.9102883873047,0.0011524709768713436
990000.0,317088.25943893846,6695188.259438938,0.04750785975637119,1136.2152293420997,0.0011524526052302242
992000.0,316970.9230286293,6695070.923028629,-0.16282227874375715,1138.5201386267822,0.0011524832542257305
994000.0,316724.4035700578,6694824.403570058,-0.019161764719932087,1140.8251983609357,0.0011525583003408539
996000.0,316790.9940947881,6694890.994094788,-0.0025619313699449006,1143.1302842727353,0.0011525255208385498
998000.0,316566.00357100926,6694666.003571009,-0.16857865632545532,1145.4353819447792,0.0011525931212208649
1000000.0,316417.6792522827,6694517.679252283,0.03616828261955009,1147.7406352066403,0.0011526342413063879
1002000.0,316455.6773663247,6694555.677366325,-0.07308471004356745,1150.0458668329181,0.0011526112034725793
1004000.0,316166.61995409895,6694266.619954099,-0.13159544103226445,1152.3511714063015,0.0011527007447562835
1006000.0,316127.99160983507,6694227.991609835,0.054702236022492204,1154.6565996859597,0.0011527039762094858
1008000.0,316078.4718097113,6694178.471809711,-0.1370523809186498,1156.9619903873745,0.0011527109675053882
1010000.0,315792.59696824383,6693892.596968244,-0.06676013135748331,1159.267509554544,0.001152799288527615
1012000.0,315832.2042517504,6693932.20425175,0.029333990743884576,1161.5730964550612,0.001152775464094292
1014000.0,315670.1043355102,6693770.10433551,-0.17000314981085596,1163.878667835063,0.0011528211119655107
1016000.0,315452.2583988048,6693552.258398805,0.0002215625345585901,1166.1843963720694,0.0011528858755582357
1018000.0,315508.2095202701,6693608.20952027,-0.029887478828180197,1168.4901347442183,0.0011528563105330882
1020000.0,315251.68929497525,6693351.689294975,-0.1599372851620647,1170.7959089839596,0.001152934356770166
1022000.0,315139.0527817048,6693239.052781705,0.043273792531106824,1173.1018318113915,0.001152962752553011
1024000.0,315143.35233426373,6693243.352334264,-0.10004781328193531,1175.407727297273,0.0011529508662679131
1026000.0,314846.16320719104,6692946.163207191,-0.11136445710957889,1177.7137195457676,0.0011530427912611896
1028000.0,314834.498627875,6692934.498627875,0.045681752648849314,1180.01981848098,0.001153036276678351
1030000.0,314739.10196095146,6692839.101960951,-0.15413866318476593,1182.3258881015834,0.001153058617176877
1032000.0,314469.8237521909,6692569.823752191,-0.04385406210170141,1184.632101484765,0.0011531407894496402
1034000.0,314514.91556018125,6692614.915560181,0.006528649515702827,1186.9383632412842,0.0011531145970866724
1036000.0,314310.52303491347,6692410.523034913,-0.17161067510565964,1189.2446296805658,0.001153174364540508
1038000.0,314125.4614482252,6692225.461448225,0.01589783605876957,1191.5510551691898,0.0011532273783629095
1040000.0,314161.11883156747,6692261.1188315675,-0.05870099701392923,1193.8574774154206,0.0011532043147195706
1042000.0,313880.1873112377,6691980.187311238,-0.14635674914936284,1196.1639609807803,0.0011532903205343575
1044000.0,313801.73214678,6691901.73214678,0.04436962717128478,1198.4705819044405,0.0011533064563899814
1046000.0,313765.40445901453,6691865.404459015,-0.12471861513729819,1200.777175035479,0.001153308075132003
1048000.0,313469.2964490624,6691569.296449062,-0.08899615835726479,1203.0838868238213,0.0011533991664761818
1050000.0,313477.3850227641,6691577.385022764,0.030514650390906495,1205.3906864556534,0.0011533853370720394
1052000.0,313334.7387214396,6691434.73872144,-0.16608199503077506,1207.6974703880928,0.0011534234679450748
1054000.0,313089.28696076013,6691189.28696076,-0.02261950306480502,1210.004408990199,0.0011534969475134125
1056000.0,313129.67091417126,6691229.670914171,-0.02005056292757821,1212.3113781067455,0.0011534718512299313
1058000.0,312887.58254846465,6690987.582548465,-0.1672595419077356,1214.618375461778,0.001153544119101821
1060000.0,312737.5354618728,6690837.535461873,0.026433876725851277,1216.9255286771856,0.0011535845552645156
1062000.0,312743.3095105067,6690843.309510507,-0.08755441956965491,1219.2326700499048,0.0011535712557765162
1064000.0,312446.7297982024,6690546.729798202,-0.1285387004201668,1221.5398983012344,0.0011536621578826615
1066000.0,312398.27943621576,6690498.279436216,0.0387946610496131,1223.8472490671882,0.0011536674121450689
1068000.0,312316.1973929694,6690416.197392969,-0.14564764149411003,1226.1545773954797,0.0011536842651038229
1070000.0,312030.257319198,6690130.257319198,-0.06601539414567903,1228.4620431110998,0.0011537713371221987
1072000.0,312048.8571725888,6690148.857172589,0.00971671066627664,1230.7695773543908,0.0011537533204308364
1074000.0,311860.16028878745,6689960.160288787,-0.17200639483615626,1233.077114464759,0.001153806789899651
1076000.0,311644.2477652654,6689744.247765265,-0.004853836783145446,1235.3848119937643,0.0011538695444739942
1078000.0,311668.8439186262,6689768.843918626,-0.04914560079902649,1237.6925252306996,0.0011538493117030629
1080000.0,311396.0857829731,6689496.085782973,-0.1571310700405955,1240.0002925018491,0.0011539316133214828
1082000.0,311280.5061746929,6689380.506174693,0.03057818752410382,1242.3082075026175,0.0011539595922256624
1084000.0,311247.8059167424,6689347.805916742,-0.11472959696417173,1244.6161076584763,0.0011539589722208436
1086000.0,310945.4945734609,6689045.494573461,-0.10765590078473057,1246.9241188542471,0.0011540512968566301
1088000.0,310920.0953012323,6689020.095301232,0.026219249715256403,1249.2322351161013,0.001154047999123081
1090000.0,310789.24130594824,6688889.241305948,-0.16146666698449838,1251.5403404297158,0.0011540810823858153
1092000.0,310522.14363172,6688622.14363172,-0.04402442204308713,1253.8485975001768,0.0011541610779443022
1094000.0,310540.30569211487,6688640.305692115,-0.01601908776356353,1256.1569047092771,0.0011541425861272157
1096000.0,310309.1595976325,6688409.1595976325,-0.17151124626838354,1258.4652377143477,0.0011542101044831941
1098000.0,310126.3604697306,6688226.360469731,0.00801387636048919,1260.773731422945,0.001154260826896587
1100000.0,310124.2547266623,6688224.254726662,-0.07930128022081502,1263.0822303415687,0.0011542491642996286
1102000.0,309829.3198520513,6687929.319852051,-0.14191922837619012,1265.390810108768,0.0011543385138093644
1104000.0,309745.2016947558,6687845.201694756,0.027713560346585956,1267.699525132649,0.001154354994269473
1106000.0,309666.9973195465,6687766.9973195465,-0.13884896217726508,1270.008228441785,0.001154369425431123
1108000.0,309368.76933810115,6687468.769338101,-0.08528423623517062,1272.3170644087804,0.0011544597182906577
1110000.0,309357.3943590382,6687457.394359038,0.007194790662768495,1274.6259867591173,0.001154450906410434
1112000.0,309177.4038243238,6687277.403824324,-0.17137735662334927,1276.9349153304538,0.0011545002921203925
1114000.0,308935.96293467283,6687035.962934673,-0.024924644695467,1279.2440050040298,0.001154570780181031
1116000.0,308942.02950420417,6687042.029504204,-0.04525332793795507,1281.55312896635,0.0011545557646428204
1118000.0,308674.414040925,6686774.414040925,-0.16486834290257713,1283.862304793981,0.0011546352084770056
1120000.0,308525.5113155842,6686625.511315584,0.014599499340456446,1286.171636328137,0.0011546735410442426
1122000.0,308486.68654575106,6686586.686545751,-0.10874258978088076,1288.4809680660999,0.001154673840102912
1124000.0,308179.39535245206,6686279.395352452,-0.12290606042304593,1290.7904069209117,0.0011547667768669345
1126000.0,308120.42571509816,6686220.425715098,0.017370574440482137,1293.0999653503895,0.0011547738483499007
1128000.0,307992.203442974,6686092.203442974,-0.15831352761813697,1295.4095217481986,0.0011548048255461219
1130000.0,307707.30343091954,6685807.30343092,-0.0632488107152893,1297.7192284775397,0.0011548898107721912
1132000.0,307698.91524603125,6685798.915246031,-0.01763087260062504,1300.0290032824555,0.0011548792086279638
1134000.0,307472.10588273033,6685572.10588273,-0.17485878594363743,1302.338806595471,0.0011549440301859646
1136000.0,307260.85380221624,6685360.853802216,-0.010451732814100263,1304.6487748648926,0.0011550033498954847
1138000.0,307243.0012496505,6685343.0012496505,-0.07635429209454596,1306.95876566292,0.0011549958120720086
1140000.0,306947.0235958593,6685047.023595859,-0.1527713356219125,1309.26883611608,0.00115508430601037
1142000.0,306829.440401461,6684929.440401461,0.013867431105788945,1311.579052625889,0.0011551110359995238
1144000.0,306745.6280901311,6684845.628090131,-0.1355783099567826,1313.8892707767561,0.0011551260755064553
1146000.0,306436.06668852177,6684536.066688522,-0.10189593189240206,1316.1996201884626,0.0011552190262282208
1148000.0,306393.23776922934,6684493.237769229,-0.00015400226612643668,1318.5100718311508,0.0011552196967518887
1150000.0,306213.2381118769,6684313.238111877,-0.17195618426176645,1320.8205374860297,0.001155267750782905
1152000.0,305949.4033458056,6684049.403345806,-0.04366951082190486,1323.131166209719,0.0011553446512051551
1154000.0,305931.4800655991,6684031.480065599,-0.046953453466817584,1325.441846927634,0.0011553364852551129
1156000.0,305663.02424492687,6683763.024244927,-0.17168927281101815,1327.7525824747356,0.0011554148718939507
1158000.0,305483.6923243692,6683583.692324369,-0.0023603319197625485,1330.0634811866075,0.0011554623095318504
1160000.0,305430.2458232902,6683530.24582329,-0.10766344420092182,1332.374396315155,0.0011554661890541796
1162000.0,305115.67947544344,6683215.679475443,-0.13598678526733132,1334.6854192025676,0.0011555602588506045
1164000.0,305023.78825471085,6683123.788254711,0.005029444670269867,1336.9965745964214,0.0011555772102697286
1166000.0,304888.5137424916,6682988.513742492,-0.15818731583081005,1339.3077402226843,0.001155609135680741
1168000.0,304586.8357961904,6682686.83579619,-0.08053974255671283,1341.6190577429031,0.0011556984776445412
1169577.7755864977,304553.2688055746,6682653.268805575,-0.0007697572214962576,1343.44249642835,0.0011556981887268782
